name|first_name|last_name|city|country|street_address|url
Christopher Collins|Patrick|Roth|Maciasfurt|Oman|632 Reyes Path|http://fitzpatrick-mooney.com/categories/category/login.jsp
Abigail Moore|Kimberly|Murphy|Wonghaven|Marshall Islands|889 Baldwin Via|https://www.turner-marshall.biz/
Chris Nicholson DDS|Rachel|Mills|East Zachary|Malta|7834 Donald Roads|http://aguilar.com/home/
Joseph Fernandez|Jasmine|Joseph|Lesliefurt|Myanmar|082 Anderson Motorway Suite 319|http://small.com/about.html
Norman Murillo|Mary|Wilkerson|Josephborough|Pakistan|33448 Price Fields Suite 889|https://holmes-roberts.org/search/register.asp
Jennifer Jimenez|Andrea|Weber|North Justin|Burundi|380 Elizabeth Turnpike Apt. 462|http://www.rodriguez.com/main/tags/login.jsp
Curtis Montgomery|Brandon|Harris|South Melissaland|Jamaica|8162 Sarah Bridge|http://www.thornton.net/homepage.php
Amanda Mcgee|Sherry|Porter|Lake Christine|United Kingdom|87774 Morgan Trafficway|http://peterson.com/categories/search/main/
Heather Goodman|Karla|Hart|West Lucas|United States Minor Outlying Islands|PSC 4062, Box 5787|https://owens.com/
Samantha Jones|Paige|Brown|Port Daniel|Mongolia|93578 Reid Bridge Apt. 102|http://www.yates.com/category/
Kayla Braun|Denise|Maxwell|New Robert|Taiwan|877 Ali Corner|http://griffin.net/explore/blog/privacy.asp
Lawrence Taylor|Sharon|Newman|Dianaburgh|Tokelau|8248 Michael Valleys Suite 054|https://torres.org/
Michael Wiley|Peter|Nelson|Barnesport|Yemen|49396 Lisa Street|https://www.ashley-french.info/search/main/author.htm
Molly Banks|Mary|Moore|Carterview|Germany|USNV Taylor|http://www.rivera-sellers.com/
Kathy Smith|Richard|Williams|Port Carolyn|Vietnam|00567 Perkins Viaduct Suite 241|http://peterson.biz/
Leslie Weber|Katelyn|Cole|Vegaland|Switzerland|USS Mclaughlin|http://cunningham.com/login.php
Christopher Sanchez|Michelle|Smith|Reedbury|Niue|786 Jensen Burg|http://www.ward-carter.com/wp-content/privacy/
Christina Levine DDS|Jodi|Anderson|North Steven|Gambia|604 Alexander Flats|https://alexander-stevens.com/search.html
Brenda Harrison|Kimberly|House|East Caroltown|Montenegro|37278 David Springs|https://www.lowe.com/
Crystal Cruz|Tyler|Henry|Port Marissaside|Poland|67629 Michael Village|http://www.sosa.org/blog/tag/tags/about/
Ann Taylor|Angela|Clark|Castilloborough|Hong Kong|50719 Pruitt Via|https://www.dominguez.net/homepage/
Jacqueline Nguyen|Lisa|Martinez|Daisyborough|Vietnam|1634 Hicks Squares Apt. 981|http://www.garcia.com/search/
Laura Williams|Alicia|Cowan|North Manuel|Sweden|87902 David Camp|http://www.johnson-butler.net/main/main/tags/terms.htm
Peter Turner|Kelsey|Gonzalez|North Christopherbury|Martinique|02322 Kimberly Fall|http://ewing.info/
Abigail Young|Susan|Salinas|Garciafort|Pakistan|688 Hector Common|https://reilly.com/search.html
John Schroeder|April|Cole|Marshallburgh|Malaysia|701 Sarah Bypass|http://www.nelson.info/blog/search/login.html
Raymond Mendoza|Shawn|Lynch|Marshallview|Marshall Islands|37619 Wilson Avenue|http://ford.com/
Elizabeth Romero|Kimberly|Jones|East Theodorefort|New Zealand|88481 Larson Inlet|https://www.barker.com/explore/homepage.php
Michelle Gordon|Donna|Scott|Davenporthaven|Cambodia|0881 Jeffrey Bypass|http://cochran-bennett.info/
David Scott|Danielle|Peterson|Jenkinshaven|Japan|4502 Kelly Spring Suite 072|http://www.williams.com/category/index.php
Amanda Good|Elizabeth|Holmes|Joyceborough|Estonia|249 Hawkins Loaf Suite 986|https://bonilla.com/main/explore/home/
Brian Solis|Amber|Jacobs|North Marystad|Bulgaria|492 Tiffany Shore|https://www.cannon-woods.org/
Barbara Cisneros|Catherine|Petersen|West Aliciaport|Niger|63006 Brett Gateway Apt. 011|https://landry.org/
Anna Martinez|Mark|Martinez|West Carriehaven|Lithuania|04062 Stevens Well|https://www.thomas.org/explore/explore/category/privacy/
Nicole Ward|Christina|Daniels|Daniellefurt|Montserrat|95299 Richardson Isle|http://www.alexander-graham.com/
Linda Williams|Ashley|Holt|North Elizabeth|Madagascar|995 Russell Radial Suite 602|https://www.neal-reyes.com/faq/
Mrs. Amy Moore DVM|Jay|Dunn|Ricardofurt|Latvia|5778 Williams Rue|http://www.kennedy.com/explore/index/
John Richardson|Tara|Smith|Curtisshire|New Caledonia|7870 Lisa Route|https://graham.org/terms/
Perry Wallace|Amy|Jones|Carlbury|Seychelles|019 Collins Rapids|http://www.vasquez-martinez.com/search/wp-content/home/
Derrick Rios|Zachary|Thompson|North Daniel|Turks and Caicos Islands|56978 Bowers Ways|http://martinez.com/list/explore/login/
Daniel Melendez|Carl|Mitchell|Crawfordmouth|Saint Pierre and Miquelon|2635 Jacob Divide|http://www.wallace.com/author.html
Sabrina Schultz|Mary|Johnson|Loritown|Central African Republic|78441 Drew Heights|https://www.rubio.com/home.htm
Morgan Coleman|James|Baker|Smithville|Morocco|50058 Delgado Drive|https://www.wilson.com/explore/main.php
Kari Harrison|Tina|Johnson|Oliviaport|Singapore|43887 Monica Drive|https://garcia.net/category.php
Tina Ali|Elizabeth|Espinoza|Port Andrewberg|South Africa|64581 Barker Prairie Apt. 458|https://www.rowe-burton.biz/search.jsp
Kari Davis|Sarah|Clark|New Catherine|Sierra Leone|056 Breanna Ferry Apt. 534|https://www.rice-lopez.org/privacy/
Timothy Carter|Kristina|Robles|Farmerborough|Swaziland|8313 Christopher Prairie|http://www.rodriguez.com/posts/privacy.html
Sarah Henderson|Erik|Robinson|Justinmouth|Suriname|75098 Bates Creek Suite 758|http://blair-brown.com/
Matthew Jones|Renee|Tucker|Tammyshire|Lao People's Democratic Republic|USNS Garza|http://www.ray.com/
Michael Johnson|Michelle|Schroeder|East Donna|Palestinian Territory|Unit 8050 Box 7411|http://hernandez.biz/about.php
Anthony Barrett|Miranda|Knight|New Raymondport|Turks and Caicos Islands|099 Leblanc Shores Apt. 572|http://www.tran-curtis.com/app/main.asp
Jennifer Li|Patricia|Jacobs|Burtonmouth|Belarus|482 Bell Ferry Suite 326|http://www.ray.biz/main/about.jsp
Tammy Johnson|David|Torres|Lake Laurafurt|Jersey|78299 Hanson Harbors Suite 096|https://www.norman.biz/main/category/about.asp
Michael Warner|Kristina|Miller|Alexandrachester|Cayman Islands|00491 Pollard Gardens|http://smith-rodriguez.com/
David Johnson|Sarah|Sanders|Gonzalezport|Bolivia|2836 Bailey Drive Apt. 217|https://medina-benson.com/category.html
Kelly Briggs|Patricia|Howard|Rebeccaland|Comoros|76935 Elizabeth Mall|http://jackson.com/search/search/category.asp
Julia Gomez|Andrew|Moran|West Amberfort|Latvia|Unit 9053 Box 5313|http://cook-wells.com/
Elizabeth Adams|Monica|James|Jeffreyshire|Comoros|536 Daniel Points Apt. 859|http://ramos-sandoval.com/
Cody Long|Andrea|Anderson|Christopherborough|Indonesia|0421 Jordan Lodge|http://lane-hoffman.com/register/
Mary Greene|Martin|Morris|Powellshire|Puerto Rico|PSC 0643, Box 1298|https://johns-hill.info/faq/
April Joseph|Patricia|Bryan|New Craigview|Luxembourg|88691 Cruz Summit Suite 368|https://www.hardy-harper.com/list/posts/categories/terms/
Joseph Mcdowell|David|White|South Williamtown|Somalia|13723 William Rue|http://www.schwartz.com/faq/
James Hinton|Jessica|Acosta|Vasqueztown|Dominica|6292 Phillips Heights Apt. 871|https://gonzalez.com/blog/register.htm
Brian Kim|Deanna|Long|Parksfort|Tokelau|1522 Reyes Walk Apt. 258|https://www.wells.com/search/
Jordan Davis|Brandi|Wiley|South Brettburgh|Italy|8966 Andrew Pines Suite 210|http://www.kidd.com/
Melinda Walter|Ross|Stewart|New Sean|Bolivia|7091 Lee Extension Apt. 365|http://www.munoz.com/faq/
Paul Rios|Jeanne|Stewart|Kingland|Brazil|34304 Campbell Road|https://stanley.com/search.php
Sean Francis|Nicholas|Coleman|West Michaelview|Germany|24264 Martin Canyon Apt. 223|https://fisher-wheeler.com/search.htm
Amy Mclaughlin|Eric|Floyd|South Derekborough|Saint Kitts and Nevis|3219 Fox Loop Suite 339|http://www.archer.org/index.php
Mary Mack|Rachael|Contreras|West Johnstad|Togo|08437 Elijah Branch|http://www.hernandez.org/category/
William Martinez|Katie|Hawkins|South Tammychester|Djibouti|12393 Rollins Loop|http://www.smith.info/main/author.htm
Rhonda Jenkins|Adam|Perez|North Margaretborough|Guam|88088 Bryan Alley Suite 274|https://bell-mcdonald.com/
Ann Myers|Jeanne|Collins|South Ryan|New Zealand|348 Wagner Trafficway|http://www.gordon.org/main/blog/categories/index.php
Teresa Leblanc|Brandon|Williams|Ramirezport|Cameroon|3188 Ashley Village Apt. 028|https://stephens-daniel.org/tag/blog/main/
Cheryl Flores|Tiffany|Crawford|Port Thomas|Bangladesh|7319 King Cape|https://miller-herrera.com/list/register/
Madison Conley|Jason|Garcia|Aliciamouth|Denmark|0770 Jason Corner Suite 696|https://baker.biz/
Jennifer Miller|Melissa|Williams|New Christinaport|Pakistan|7220 Jones Mills|http://schwartz-adams.net/wp-content/blog/explore/login.html
Ronald Garcia MD|Scott|Jones|New Howard|Cook Islands|PSC 8458, Box 5009|https://johnston.org/
Julie Nelson|Christina|Terry|Greertown|Bermuda|84557 Macias Parks|https://www.allison.com/homepage/
Tyler Rose|Misty|Williams|Matthewmouth|Tokelau|23195 Stephenson Plaza Apt. 395|http://kim.biz/faq.php
Rebecca Smith|Willie|Harmon|South Lauraborough|Romania|2846 Frank Drive|http://www.sanchez.com/wp-content/author.html
Terri Hurst|Erika|Hill|Darrenville|Bahrain|7892 Rowe Gardens Apt. 360|https://www.hernandez.com/search/main.htm
Angela Newman|Matthew|Hawkins|Wardville|Grenada|USCGC Savage|http://ellison.com/faq/
Bryan Santiago|Cynthia|Hurley|Moorehaven|Monaco|28813 Erickson Parks|https://bonilla.com/blog/explore/blog/index.html
Melanie Bell|Leonard|Johnson|South Traci|Guinea-Bissau|8201 Benjamin Junction|http://malone-montoya.com/list/login/
Stacy Obrien|Jennifer|Le|Williston|Saudi Arabia|1184 Sharon Circles Suite 852|http://hayes.com/tags/about/
Jesse Villanueva|Sharon|Hoffman|Gonzalezside|Japan|7697 Todd Ridges Apt. 426|http://allen-johnston.com/wp-content/main/author.php
Krista Rice|Melissa|Williams|Sherryshire|Saint Lucia|779 Justin Manor Suite 410|https://martinez-smith.com/about/
Kenneth Escobar|Matthew|Hall|Thomasstad|Turkey|68945 Mcgee Wells Suite 405|http://www.anderson.net/category.jsp
Alice Walter|Kristin|Webster|West Johnview|Niue|9056 Meghan Causeway Apt. 277|https://www.vaughn-cummings.com/search.htm
Adam Williams|Joseph|Lawrence|Charlesstad|Uruguay|922 Marquez Highway Suite 773|http://davis-hodges.com/home.asp
Sarah Leach|Melinda|Benson|Johnsonmouth|Paraguay|50137 Meadows Meadow Suite 882|http://mcintyre.net/tags/wp-content/category/post/
Evan Liu|Cynthia|Delgado|New Stephanie|Estonia|00669 Simmons Hollow Suite 479|https://smith-reed.com/privacy.html
Anthony Haynes|Jessica|Baker|Kruegermouth|Turkmenistan|Unit 3627 Box 3450|http://moore.com/
Kathryn Oconnell|Adrian|Freeman|Lesliestad|Netherlands Antilles|PSC 1475, Box 6859|http://www.allen.com/categories/homepage/
Tina Hernandez|Jennifer|Brooks|Barrettstad|Tanzania|71676 Roman Ports|https://mitchell.info/category.php
Jeanne Knox|Susan|Sanchez|Johnsonfort|South Africa|4009 Andrew Drive Suite 158|http://www.peterson.biz/author/
Sarah Williams|Maria|Brandt|Masonbury|Jersey|PSC 9746, Box 0182|https://hunt.com/search/
Kenneth Wong|James|Spencer|North Michaelfort|El Salvador|3855 Summers Stravenue|https://www.hernandez-wright.net/
April Pham|Andrew|Cox|North Kenneth|Lao People's Democratic Republic|117 Williams Walks|http://www.rodriguez.org/posts/list/home/
