name|first_name|last_name|city|country|street_address|url
Christopher Collins|Patrick|Roth|Maciasfurt|Oman|986 Tran Oval|https://www.gonzalez.org/post.html
Abigail Moore|Kimberly|Murphy|Wonghaven|Marshall Islands|848 Jennifer Path|http://powers.com/app/list/main/about/
Chris Nicholson DDS|Rachel|Mills|East Zachary|Malta|0393 Julie Vista|https://beasley-barker.com/wp-content/explore/index.php
Joseph Fernandez|Jasmine|Joseph|Lesliefurt|Myanmar|8192 Allen Villages|http://www.pace.com/explore/homepage.asp
Norman Murillo|Mary|Wilkerson|Josephborough|Pakistan|616 Allen Square Apt. 360|https://hickman-lee.biz/search/
Jennifer Jimenez|Andrea|Weber|North Justin|Burundi|884 Christine Skyway Apt. 441|https://www.nicholson.com/main.html
Curtis Montgomery|Brandon|Harris|South Melissaland|Jamaica|9899 Lee Unions Suite 764|http://gonzalez.biz/home.html
Amanda Mcgee|Sherry|Porter|Lake Christine|United Kingdom|494 Ashlee Path|https://www.gomez-jones.com/post/
Heather Goodman|Karla|Hart|West Lucas|United States Minor Outlying Islands|4142 Dougherty Mills|https://www.lawrence-bishop.com/category/privacy/
Samantha Jones|Paige|Brown|Port Daniel|Mongolia|3854 Courtney Vista|http://www.jordan-barron.com/tags/tags/list/faq.html
Kayla Braun|Denise|Maxwell|New Robert|Taiwan|227 Nichols Trafficway Suite 236|https://martinez-cooper.info/tag/search/author/
Lawrence Taylor|Sharon|Newman|Dianaburgh|Tokelau|39461 Walsh Squares Apt. 530|https://www.knight.net/privacy.html
Michael Wiley|Peter|Nelson|Barnesport|Yemen|9953 Michael Way|https://www.hartman.com/home.html
Molly Banks|Mary|Moore|Carterview|Germany|9855 Jennifer Roads|http://www.johnson.com/app/main/category/faq.jsp
Kathy Smith|Richard|Williams|Port Carolyn|Vietnam|340 Brent Island|http://www.stewart.com/tags/categories/homepage.htm
Leslie Weber|Katelyn|Cole|Vegaland|Switzerland|499 Pamela Orchard Apt. 021|https://www.barker-cummings.com/author.php
Christopher Sanchez|Michelle|Smith|Reedbury|Niue|USNS Gray|http://adams.com/login.html
Christina Levine DDS|Jodi|Anderson|North Steven|Gambia|72922 Maria Path|http://www.wright.com/register.html
Brenda Harrison|Kimberly|House|East Caroltown|Montenegro|Unit 1546 Box 0000|http://deleon-mcclain.net/
Crystal Cruz|Tyler|Henry|Port Marissaside|Poland|5650 Kathleen Shore|https://www.garcia-hawkins.biz/homepage/
Ann Taylor|Angela|Clark|Castilloborough|Hong Kong|5418 Allen Canyon Apt. 819|https://sheppard-brown.com/privacy/
Jacqueline Nguyen|Lisa|Martinez|Daisyborough|Vietnam|980 Stuart Course Suite 324|https://www.lopez.com/app/main/author/
Laura Williams|Alicia|Cowan|North Manuel|Sweden|8327 Taylor Walk Apt. 629|https://tucker.com/about/
Peter Turner|Kelsey|Gonzalez|North Christopherbury|Martinique|215 Mitchell Drive|https://jackson.net/tags/register/
Abigail Young|Susan|Salinas|Garciafort|Pakistan|85487 Guzman Walks Apt. 801|https://johnson-hernandez.com/blog/app/search.asp
John Schroeder|April|Cole|Marshallburgh|Malaysia|36683 King Course|http://davis.com/
Raymond Mendoza|Shawn|Lynch|Marshallview|Marshall Islands|77366 Michelle Rapids Suite 592|https://www.cohen.com/index/
Elizabeth Romero|Kimberly|Jones|East Theodorefort|New Zealand|42360 Adams Terrace Suite 561|https://www.salazar.com/posts/posts/register.php
Michelle Gordon|Donna|Scott|Davenporthaven|Cambodia|6533 Sydney Neck Suite 099|http://davis.com/privacy.htm
David Scott|Danielle|Peterson|Jenkinshaven|Japan|354 Ronald Fords|https://hahn.com/search/
Amanda Good|Elizabeth|Holmes|Joyceborough|Estonia|391 Erik Burg Suite 985|https://www.sanchez-valdez.net/blog/category/terms.jsp
Brian Solis|Amber|Jacobs|North Marystad|Bulgaria|929 Brittney Lake|http://www.mckay-morris.com/category/author/
Barbara Cisneros|Catherine|Petersen|West Aliciaport|Niger|53139 Sanders Alley|https://king.biz/search/category/categories/about/
Anna Martinez|Mark|Martinez|West Carriehaven|Lithuania|164 Hicks Drives Suite 344|http://www.hunt.com/wp-content/faq.htm
Nicole Ward|Christina|Daniels|Daniellefurt|Montserrat|2919 Mills Loaf|https://www.bass.info/
Linda Williams|Ashley|Holt|North Elizabeth|Madagascar|3658 Weiss Tunnel Apt. 289|http://www.hall-decker.biz/main/privacy/
Mrs. Amy Moore DVM|Jay|Dunn|Ricardofurt|Latvia|PSC 7151, Box 7026|https://www.harrison-keller.com/homepage/
John Richardson|Tara|Smith|Curtisshire|New Caledonia|7604 Nicholas Square|http://www.allen.net/category/
Perry Wallace|Amy|Jones|Carlbury|Seychelles|99453 Jones Lakes|https://www.miller-duncan.net/homepage/
Derrick Rios|Zachary|Thompson|North Daniel|Turks and Caicos Islands|5532 Martinez Canyon Apt. 704|https://www.ramirez-waters.com/wp-content/category/main/
Daniel Melendez|Carl|Mitchell|Crawfordmouth|Saint Pierre and Miquelon|54327 Brown Square Apt. 131|https://www.espinoza-williams.info/index/
Sabrina Schultz|Mary|Johnson|Loritown|Central African Republic|2206 James Lodge Apt. 567|http://ballard.com/wp-content/posts/list/faq.htm
Morgan Coleman|James|Baker|Smithville|Morocco|71070 Gray Mountains|https://www.kent.com/tag/main/search.html
Kari Harrison|Tina|Johnson|Oliviaport|Singapore|7356 Bryant Mews|http://www.petersen-thomas.com/tag/tags/main/author/
Tina Ali|Elizabeth|Espinoza|Port Andrewberg|South Africa|USNV Flowers|https://www.tyler.com/main/
Kari Davis|Sarah|Clark|New Catherine|Sierra Leone|082 Thomas Union|https://humphrey.com/main.php
Timothy Carter|Kristina|Robles|Farmerborough|Swaziland|864 Suarez Cliffs Apt. 967|http://lopez.com/blog/login/
Sarah Henderson|Erik|Robinson|Justinmouth|Suriname|923 Chelsey Hill|http://jackson-jimenez.biz/
Matthew Jones|Renee|Tucker|Tammyshire|Lao People's Democratic Republic|2343 Matthew Lodge|http://lee.net/
Michael Johnson|Michelle|Schroeder|East Donna|Palestinian Territory|479 Larson Well Apt. 154|http://thomas.com/main/
Anthony Barrett|Miranda|Knight|New Raymondport|Turks and Caicos Islands|686 Keith Pass Suite 161|https://duffy.com/categories/post.htm
Jennifer Li|Patricia|Jacobs|Burtonmouth|Belarus|816 Rodriguez Mountain Apt. 003|http://www.lin.org/category/
Tammy Johnson|David|Torres|Lake Laurafurt|Jersey|PSC 2757, Box 0102|https://www.white.com/
Michael Warner|Kristina|Miller|Alexandrachester|Cayman Islands|219 Davis Glen|https://www.gray.biz/about/
David Johnson|Sarah|Sanders|Gonzalezport|Bolivia|Unit 1074 Box 3327|https://hamilton-winters.net/
Kelly Briggs|Patricia|Howard|Rebeccaland|Comoros|786 Rosales Oval Suite 308|https://www.espinoza.com/
Julia Gomez|Andrew|Moran|West Amberfort|Latvia|2079 Adams Fords|http://www.bradley.com/explore/category/category/author/
Elizabeth Adams|Monica|James|Jeffreyshire|Comoros|189 Brown River Suite 921|https://www.saunders-campbell.com/
Cody Long|Andrea|Anderson|Christopherborough|Indonesia|USCGC Curtis|http://www.rivas-lopez.com/
Mary Greene|Martin|Morris|Powellshire|Puerto Rico|12584 Sarah Lock|https://zavala.com/main/
April Joseph|Patricia|Bryan|New Craigview|Luxembourg|0297 Tanya Grove|https://www.sanders-smith.com/explore/app/login/
Joseph Mcdowell|David|White|South Williamtown|Somalia|06588 Steele Cliff Suite 739|https://adams.com/homepage/
James Hinton|Jessica|Acosta|Vasqueztown|Dominica|881 Denise Drives Suite 551|https://www.porter.org/main/
Brian Kim|Deanna|Long|Parksfort|Tokelau|15491 Richardson Squares Suite 957|https://www.torres.info/main/posts/posts/post.php
Jordan Davis|Brandi|Wiley|South Brettburgh|Italy|1431 Austin Glens|http://barnes-richards.com/posts/home/
Melinda Walter|Ross|Stewart|New Sean|Bolivia|33635 Victoria Burg Suite 082|https://riddle.com/
Paul Rios|Jeanne|Stewart|Kingland|Brazil|0969 Scott Garden|https://parker-stevens.info/homepage/
Sean Francis|Nicholas|Coleman|West Michaelview|Germany|150 Teresa Orchard|http://www.franklin.com/home/
Amy Mclaughlin|Eric|Floyd|South Derekborough|Saint Kitts and Nevis|0467 Brown Courts|https://www.patel.com/index/
Mary Mack|Rachael|Contreras|West Johnstad|Togo|39185 Ross Forest Suite 798|https://lee-thomas.info/post/
William Martinez|Katie|Hawkins|South Tammychester|Djibouti|USCGC Fields|https://freeman.com/main/
Rhonda Jenkins|Adam|Perez|North Margaretborough|Guam|16653 Fields Terrace Apt. 560|http://www.watts.com/
Ann Myers|Jeanne|Collins|South Ryan|New Zealand|55541 Brooks River|http://www.lamb-thomas.com/
Teresa Leblanc|Brandon|Williams|Ramirezport|Cameroon|1656 Dennis Underpass Apt. 512|http://snyder.com/home/
Cheryl Flores|Tiffany|Crawford|Port Thomas|Bangladesh|9576 Hernandez Crossroad Apt. 298|http://thomas.org/app/posts/categories/author/
Madison Conley|Jason|Garcia|Aliciamouth|Denmark|USNV Martin|http://www.jones.com/
Jennifer Miller|Melissa|Williams|New Christinaport|Pakistan|730 Estrada Ville Apt. 616|https://www.dean.com/login.htm
Ronald Garcia MD|Scott|Jones|New Howard|Cook Islands|561 Conner Meadows Suite 535|https://woodward-coleman.com/register/
Julie Nelson|Christina|Terry|Greertown|Bermuda|97113 Jacob Junctions Apt. 767|http://www.santos-weaver.biz/posts/list/post/
Tyler Rose|Misty|Williams|Matthewmouth|Tokelau|713 Jermaine Hollow|https://www.jacobs.com/tags/wp-content/login/
Rebecca Smith|Willie|Harmon|South Lauraborough|Romania|5154 Elizabeth Spur|http://www.monroe-johnson.com/tags/faq.htm
Terri Hurst|Erika|Hill|Darrenville|Bahrain|USNS Santos|http://www.brown-padilla.com/explore/main/posts/main/
Angela Newman|Matthew|Hawkins|Wardville|Grenada|42584 Williams Cove Suite 162|https://jones.com/author/
Bryan Santiago|Cynthia|Hurley|Moorehaven|Monaco|548 Brown Drives Suite 895|https://salas.com/
Melanie Bell|Leonard|Johnson|South Traci|Guinea-Bissau|54540 Peterson Pass Apt. 621|http://gonzalez.net/tags/terms/
Stacy Obrien|Jennifer|Le|Williston|Saudi Arabia|714 Linda Row Apt. 850|http://www.patterson.com/wp-content/tags/tag/author/
Jesse Villanueva|Sharon|Hoffman|Gonzalezside|Japan|99138 Palmer Ridges|http://nguyen-flynn.info/blog/homepage/
Krista Rice|Melissa|Williams|Sherryshire|Saint Lucia|1164 Tate Streets Suite 016|https://ortiz.net/login.php
Kenneth Escobar|Matthew|Hall|Thomasstad|Turkey|USS Mann|http://www.graham.com/
Alice Walter|Kristin|Webster|West Johnview|Niue|938 Gonzalez Shores Suite 934|https://www.miller.com/post/
Adam Williams|Joseph|Lawrence|Charlesstad|Uruguay|60915 Ryan Track Apt. 709|http://www.johnson.com/
Sarah Leach|Melinda|Benson|Johnsonmouth|Paraguay|76600 Chavez Loaf Suite 873|http://www.king-cook.com/posts/category/categories/privacy/
Evan Liu|Cynthia|Delgado|New Stephanie|Estonia|0735 Garcia Stravenue|https://www.hoffman.net/
Anthony Haynes|Jessica|Baker|Kruegermouth|Turkmenistan|27852 Garcia Circle|https://reese.org/posts/terms/
Kathryn Oconnell|Adrian|Freeman|Lesliestad|Netherlands Antilles|4114 Coffey Freeway Suite 107|https://www.kidd.com/blog/explore/author.htm
Tina Hernandez|Jennifer|Brooks|Barrettstad|Tanzania|692 Torres Key Suite 684|https://butler-james.com/author/
Jeanne Knox|Susan|Sanchez|Johnsonfort|South Africa|60118 Clark Tunnel|https://gomez.com/post.php
Sarah Williams|Maria|Brandt|Masonbury|Jersey|6028 Hebert Parkway|http://www.williams-jones.com/wp-content/post/
Kenneth Wong|James|Spencer|North Michaelfort|El Salvador|3974 Edward Common|https://www.sharp.info/explore/category/main/author/
April Pham|Andrew|Cox|North Kenneth|Lao People's Democratic Republic|8612 Angela Viaduct Apt. 374|https://ford-ward.net/search.php
